Gr. ŠKZ Lines,Greek,Parthian transliteratlion,Parthian transcription,Middle Persian transčription
ŠKZ Line 1,"ἐγὼ Μασδαασνης θεὸς Σαπώρης, βασιλεὺς βασιλέων Ἀριανῶν καὶ Ἀναριανῶν, ἐκ γένους θεῶν, υἱὸς Μασδαασνου θεοῦ Ἀρταξάρου βασιλέως βασιλέων Ἀριανῶν ἐκ γένους θεῶν, ἔγγονος θεοῦ Παπάκου βασιλέως— τοῦ Ἀριανῶν ἔθνους δεσπότης εἰμί.",ANE mzdyzn ALHA šhypwhr MLKYN MLKA ’ry’n W ’ny’ry’n MNW šyhr MN y’ztn BRY mzdyzn ALHA’rthštr MLKYN MLKA ’ry’n MNW šyhr MN y’ztn BRYLBRY ALHA p’pk MLKA ’ry’nhštr hwtwy HWYm.,"Az, mazdēzn baγ Šābuhr, šāhān šāh Ērān ud Anērān, kē čihr až yazdān, puhr mazdēzn baγ Ardašīr, šāhān šāh Ērān, kē čihr až yazdān, puhrēpuhr baγ Pābag šāh, Ērānšahr xwadāy ahēm.","An, mazdēsn bay Šābuhr, šāhān šāh Ērān ud Anērān, kē čihr az yazdān, pus mazdēsn bay Ardašīr, šāhān šāh Ērān, kē čihr az yazdān, nab bay Pābag šāh, Ērānšahr xwadāy hēm"
ŠKZ Line 2,"καὶ κατέχω ἔθνη· Περσίδα, Παρθίαν, Οὑζηνήν, Μησανηνήν, Ἀσσυρίαν, Ἀδιαβηνήν, Ἀραβίαν, Ἀδουρβαδηνήν, Ἀρμενίαν, Ἰβηρίαν, Μαχελονίαν, Ἀλβανίαν, — — —γηνήν, ἕως — — — ἔμπροσθεν Καπ ὄρους καὶ πυλῶν Ἀλανῶν καὶ ὅλον τὸ Πρεσσουαρ ὄρος",W HHSNWm hštr p’rs prtw vv hwztn myšn ’swrstn ntwšrkn ’rb’ystny ’trwptkn ’rmny wyršn sykn ’rd’nbl’skn HN prhš OL kpy ΘWRA W ’l’nn TROA W hmk pryšhwr ΘWRA,"ud dārām šahr Pārs, Parθaw, Xūzestān, Mēšān, Asūrestān, Nōdšīragān, Arbāyestān, Ādurbādegān, Armin, Wiržān, Sīgān, Ardān, Balāsagān yad fraxš ō Kaf kōf ud Alānān bar, ud hamag Parišxwār kōf","ud darēm šahr Pārs, Pahlaw, Xūzestān, Mēšān, Asūrestān, Nōdšīragān, Arbāyestān, Ādurbāyagān, Armin, Wiruzān, Sīgān, Ar≺r≻ān, Balāsagān tā frāz ō Kaf kōf ud Alānān dar, ud hamag Parišxwār kōf,"
ŠKZ Line 3,"Μαδηνήν, Γουργαν, Μαρου, Ῥην καὶ πάντα τὰ ἀνωτάτω ἔθνη, Κερμανζηνήν, Σεγιστανήν, Τουρηνήν, Μακαραν, Παραδηνήν, Ἰνδίαν καὶ Κουσηνῶν ἔθνη ἕως ἔμπροσθεν Πασκιβουρων καὶ ἕως Κας, Σωδικηνῆς καὶ {καὶ} Τσατσηνῆς ὅρων, καὶ ἐξ ἐκείνου τοῦ μέρους τῆς θα≺λ≻άσσης Μιζουν ἔθνος.",m’d wrkn mrgw hryw W hmk ’prhštr krmn skstn twgrn mkwrn p’rtn hndstn kwšnhštr HN prhš OL pškbwr W HNOL k’š swgd W š’šstn W MNhw ≺?≻ ŠΘRA YMA mzwnhštr.,"Māδ, Wurgān, Marγ, Harēw, ud hamag Abaršahr, Kermān, Sagestān, Tuγrān, Mak≺u≻rān, Pār≺a≻dān, Hindestān, Kušānšahr yad fraxš ō Paškabūr ud yad ō Kāš, Suγd ud Čāčestān ud až hō ≺-≻ ārag zrēh Mazūnšahr.","Māh, Gurgān, Marw, Harēw, ud hamag Abaršahr, Kirmān, Sagestān, Tūrān, Mak≺u≻rān, Pār≺a≻dān, Hindestān, Kušānšahr tā frāz ō Paškabūr ud tā ō Kāš, Sugd ud Čāčestān ud az ān ≺?≻ ālag i drayā Mazūnšahr."
ŠKZ Line 4,καὶ ἐκαλέσαμεν Πηρωσ-σαβουρ — — — καὶ ἐκαλέσαμεν Ὠρμισδαρταξιρ.,W OBDWm prgwzšhypwhr ŠME dhhštr W OBDWm ’hwrmzd’rthštr ŠME.,"Ud karām Pērōz-Šābuhr nām D- – -šahr, ud karām Ohrmezd-Ardašīr nām.",Ud kunēm Pērōz-Šābuhr nām * šahr (?) ud kunēm Ohrmezd-Ardašīr nām.
ŠKZ Line 5,καὶ ταῦτα τὰ τοσαῦτα ἔθνη καὶ τοὺς δεσπότας τῶν ἐθνῶν τῶν ἐκ παντὸς μέρους πάντας ἡμεῖν εἰς φόρους καὶ δουλείαν ἐστήσαμεν.,W ZNE ’wnt hštr W hštrdry W ptykwspn hrw LN pty b’z W OBDkpy HQAYMWtHWYN.,Ud im āwand šahr ud šahrδār ud pādgōsbān harw amā pad bāž ud bandagīf awestād ahēnd.,U-n ēn and šahr ud šahryār ud pāygōsbān harw pad bāz ud bandagīh nihād hēnd
ŠKZ Line 6,"καὶ ὅτε πρώτως ἐπὶ τὴν βασιλίαν τῶν ἐθνῶν ἔστημεν, Γορδιανὸς Καῖσαρ ἀπὸ πάσης τῆς Ῥωμαίων ἀρχῆς Γούθθων τε καὶ Γερμανῶν ἐθνῶν δύναμιν συνέλεξεν καὶ εἰς τὴν Ἀσσυρίαν ἐπὶ τὸ τῶν Ἀριανῶν ἔθνος καὶ ἡμᾶς ἐπῆλθεν· καὶ εἰς τοὺς ὅρους τῆς Ἀσσυρίας ἐν τῇ Μησιχίῃ ἐξ ἐναντίας πόλεμος μέγας γέγονεν",W AMT nhwšt pty hštr HQAYMWt HWYm gwrtnyws kysr MN hmk prwm gwt W grm’ny’ hštr z’wry hngwšn  OBDt W OL ’swrstn ’pr ’ry’nhštr W LN ATYt W pty ’swrstn mrz B mšyk ptydymn RBA znbk YHWt,"ud kaδ naxwišt pad šahr awištād ahēm, Gōrdanyos Kēsar až hamag Frōm, Gōt ud Garmāniyā šahr zāwar hangāwišn kerd; ud ō Asūrestān abar Ērānšahr ud amā āγad, ud pad Asūrestān marz pad Mišīk paddēmān wuzurg zambag būd.","ud ka naxust pad šahr ēstād hēm, Gōrdanyos Kēsar az hamag Hrōm, Gōt ud Garmān šahr zōr hangāwisn kerd ud ō Asūrestān abar Ērān šahr ud amā āmad ud pad Asūrestān marz pad Mišīk handēmān wuzurg ardīg būd."
ŠKZ Line 7,"καὶ Γορδιανὸς Καῖσαρ ἐπανήρη καὶ ἡμεῖς τὴν στρατείαν τῶν Ῥωμαίων ἀνηλώσαμεν, καὶ οἱ Ῥωμαῖοι Φίλιππον Καίσαρα ἀνηγόρευσαν",gwrtnyws kysr QΘLt prwmyn z’wry HWBDWt W prwmyn plypws kysr OBDt,"Gōrdanyos Kēsar ōžad, Frōmāyīn zāwar wānād, ud Frōmāyīn Filip≺p≻os kēsar kerd.","Gōrdanyos Kēsar ōzad, Hrōmāyīn zōr wānīd ud Hrōmāyīn Filip≺p≻os kēsar kerd."
ŠKZ Line 8,καὶ Φίλιππος ὁ Καῖσαρ εἰς παράκλησιν ἦλθεν καὶ τῶν ψυχῶν αὐτῶν ἀντίτειμα πεντακοσίαν χειλιάδα δηναρίων ἡμεῖν ἔδοτο καὶ εἰς φόρους ἡμεῖν ἔστη· καὶ ἡμεῖς Μισιχην διὰ τοῦτο Πηρωσ-σαβουρ ἐπωνομάσαμεν.,W plypws kysr LN OL nymstyk ATYt W gy’n DME dynr IIIII-C ALPYN OLYN YNTNt pty b’z HQAYMWt WLN mšyk MN ZK krty prgwz šhypwhr ŠME HQAYMWt.,"Ud Filip≺p≻os Kēsar amā ō nemastīg āγad, ud gyān goxn ≺?≻ dēnār 500 hazār ō amā dād, pad bāž awestād, ud amā Mišīk až ēd kerd Pērōz-Šābuhr nām awestād.","Ud Filip≺p≻os Kēsar amā ō lābag āmad ud gyān xōn ≺?≻ denār 500 hazār ō amā dād, pad bāz estād, ud amā Mišīk az ēd kerd Pērōz-Šābuhr nām nihād."
ŠKZ Line 9,καὶ ὁ Καῖσαρ πάλιν ἐψεύσατο καὶ εἰς τὴν Ἀρμενίαν ἀδικίαν ἐποίησεν· καὶ ἡμεῖς ἐπὶ τὸ ἔθνος τῶν Ῥωμαίων ὡρμήσαμεν καὶ δύναμιν Ῥωμαίων ἑξήκοντα χειλιάδας ἐν Βαρβαρισσῷ ἀνίλαμεν,W kysr TWB MK≺DB≻Wt OL ’rmny wyns OBDt W LN ’pr prwmyn hštr whyšt HWYm W prwmyn z’wry XX-XX-XX-M B byb’lšy QΘLt,"Ud Kēsar bid druxt ō Armin winās kerd, ud amā abar Frōmāyīn šahr wihišt ahēm, ud Frōmāyīn zāwar 60000, pad Bēbāliš ōžad","Ud Kēsar did druxt, ō Armin wināh kerd ud amā abar Hrōmāyin šahr wihist hēm ud Hrōmāyin zōr 60000 pad *Bēbāliš ōzad"
ŠKZ Line 10,"καὶ τὸ ἔθνος τῆς Συρίας καὶ ὅσα ἐπ’ αὐτὴν ἔθνη καὶ περίχωροι ἦσαν, πάντα ἐκαύσαμεν καὶ ἠρημώσαμεν καὶ ἐκρατήσαμεν καὶ ἐν ἐκείνῃ τῇ μιᾷ ἀγωγῇ ἀπὸ τοῦ ἔθνους Ῥωμαίων καστέλλους τε καὶ πόλεις·",W ’swry’ hštr W ME ’pr ’swry’ hštr prybr YHWt hmk ’trwht ’wyrn W wrty’z OBDt W AHDt pty LHw HD y’wr MN prwmyn hštr BYRTA W MHWZA,"ud Asūriyā šahr, ud čē abar Asūriyā šahr parβēr būd, hamag ādurwaxt, awērān ud wardyāz kerd ud grift pad hō ē≺w≻ yāwar až Frōmāyīn šahr diz ud šahrestān",u-n Asūriyā šahr ud čē abar Asūriyā šahr parwār būd hamag ādursōxt ud awērān ud wardyāz kerd u-n grift pad ān ēw jār az Hrōmāyin šahr diz ud šahrestān:
ŠKZ Line 11,"Ἀναθαν πόλιν σὺν τῇ περιχώρῳ, Βίρθαν Ἀσπωράκου σὺν τῇ περιχώρῳ, Σοῦραν πόλιν σὺν τῇ περιχώρῳ, Βαρβαλισσὸν πόλιν σὺν τῇ περιχώρῳ, Ἱεράπολιν πόλιν σὺν τῇ περιχώρῳ",’nty MHWZA OM prybr hmkwsy byrt ’rwpn OM prybr hmkwsy byrt ’spwrkn OM prybr hmkwsy swr’y MHWZA OM prybr hmkwsy byb’lšy MHWZA OM prybr hmkwsy mnbwk MHWZA OM prybr hmkwsy,"Ānā̆t šahrestān aδ parβēr hamgōs, Bīrt-Arūbān aδ parβēr hamgōs, Bīrt Aspōragān aδ parβēr hamgōs, Sūrā šahrestān aδ parβēr hamgōs, Bēbāliš šahrestān aδ parβēr hamgōs, Manbūg šahrestān aδ parβēr hamgōs","Ānāt šahrestān az parwār hammis, Bīrt *Arūbān az parwār hammis, Bīrt Aspōragān az parwār hammis, Sūrā šahrestān az parwār hammis, *Bebālis šahrestān az parwār hammis, Manbūg šahrestān az parwār hammis,"
ŠKZ Line 12,"Βέρροιαν πόλιν σὺν τῇ περιχώρῳ, Χαλκίδα πόλιν σὺν τῇ περιχώρῳ, Ἀπαμίαν πόλιν σὺν τῇ περιχώρῳ, Ῥεφανέαν πόλιν σὺν τῇ περιχώρῳ, Ζεῦγμα πόλιν σὺν τῇ περιχώρῳ, Οὐριμα πόλιν σὺν τῇ περιχώρῳ,",h≺l≻py MHWZA OM prybr hmkwsy knšr’y MHWZA OM prybr hmkwsy ’pwmy’ MHWZA OM prybr hmkwsy r≺pny≻ws MHWZA OM prybr hmkwsy zwm’ MHWZA OM prybr hmkwsy ’wrn’y MHWZA OM prybr hmkwsy,"Halab šahrestān aδ parβēr hamgōs, Kinašrā šahrestān aδ parβēr hamgōs, Apōmiyā šahrestān aδ parβēr hamgōs, Refaniyos šahrestān aδ parβēr hamgōs, Zōmā šahrestān aδ parβēr hamgōs, Urnā šahrestān aδ parβēr hamgōs","Halab šahrestān az parwār hammis, *Kinasrā šahrestān az parwār hammis, *Apōmiyā šahrestān az parwār hammis, *Refaniyos šahrestān az parwār hammis, Zōmā šahrestān az parwār hammis, Umā šahrestān az parwār hammis,"
ŠKZ Line 13,"Γίνδαρον πόλιν σὺν τῇ περιχώρῳ, Λαρμέναζα πόλιν σὺν τῇ περιχώρῳ, Σελεύκιαν πόλιν σὺν τῇ περιχώρῳ, Ἀντιόχιαν πόλιν σὺν τῇ περιχώρῳ, Κύρρον πόλιν σὺν τῇ περιχώρῳ",gndrws MHWZA OM prybr hmkwsy ’rmn’š MHWZA OM prybr hmkwsy sylwky’ MHWZA OM prybr hmkwsy ’ndywk MHWZA OM prybr hmkwsy kyrws MHWZA OM prybr hmkwsy,"Gindaros šahrestān aδ parβēr hamgōs, Armenāž šahrestān aδ parβēr hamgōs, Selūkiyā šahrestān aδ parβēr hamgōs, Andiyō̆k šahrestān aδ parβēr hamgōs, Kir≺r≻os šahrestān aδ parβēr hamgōs,","Gindaros šahrestān az parwār hammis, Armenāz šahrestān az parwār hammis, Selūkiyā šahrestān az parwār hammis, Andiyōk šahrestān az parwār hammis, Kir≺r≻os šahrestān az parwār hammis,"
ŠKZ Line 14,"ἄλλην Σελεύκιαν πόλιν σὺν τῇ περιχώρῳ, Ἀλεξάνδριαν πόλιν σὺν τῇ περιχώρῳ, Νεικόπολιν πόλιν σὺν τῇ περιχώρῳ, Σίνζαρα πόλιν σὺν τῇ περιχώρῳ, Χαμαθ πόλιν σὺν τῇ περιχώρῳ",AHRN sylwky’ MHWZA OM prybr hmkwsy ’lyhsndry’ MHWZA OM prybr hmkwsy nykp≺l≻wsy MHWZA OM prybr hmkwsy syzry MHWZA OM prybr hmkwsy hm’ty MHWZA OM prybr hmkwsy,"any Selūkiyā šahrestān aδ parβēr hamgōs, Alexsandariyā šahrestān aδ parβēr hamgōs, Nīkopolos šahrestān aδ parβēr hamgōs, Sīzar šahrestān aδ parβēr hamgōs, Hamāt šahrestān aδ parβēr hamgōs","any Selūkiyā šahrestān az parwār hammis, Alexsandariyā šahrestān az parwār hammis, *Nīkopolos šahrestān az parwār hammis, Sinzar šahrestān az parwār hammis,  Hamāt šahrestān az parwār hammis,"
ŠKZ Line 15,"Ἀριστίαν πόλιν σὺν τῇ περιχώρῳ, Διχωρ πόλιν σύν τῇ περιχώρῳ, Δολίχην πόλιν σὺν τῇ περιχώρῳ, Δοῦραν πόλιν σὺν τῇ περιχώρῳ, Κορκουσίωνα πόλιν σὺν τῇ περιχώρω, Γερμανείκιαν πόλιν σὺν τῇ περιχώρῳ,",’rstwn MHWZA OM prybr hmkwsy dykw≺r≻ MHWZA OM prybr hmkwsy dw≺r≻’y MHWZA OM prybr hmkwsy dw≺l≻hw MHWZA OM prybr hmkwsy krksy’ MHWZA OM prybr hmkwsy grmnyws MHWZA OM prybr hmkwsy,"Aristōn šahrestān aδ parβēr hamgōs, Dīkōr šahrestān aδ parβēr hamgōs, Dūrā šahrestān aδ parβēr hamgōs, Dōlōx šahrestān aδ parβēr hamgōs, Kirkisiyā šahrestān aδ parβēr hamgōs, Garmaniyos šahrestān aδ parβēr hamgōs,","Aristōn šahrestān az parwār hammis, Dīkōr šahrestān az parwār hammis, Dūrā šahrestān az parwār hammis, Dōlīx šahrestān az parwār hammis, Kirkīsiyā šahrestān az parwār hammis, Garmanos šahrestān az parwār hammis,"
ŠKZ Line 16,"Βάτναν πόλιν σὺν τῇ περιχώρῳ, Χαναρ πόλιν σὺν τῇ περιχώρῳ· καὶ τῆς Καππαδοκίας Σάταλα πόλιν σὺν τῇ περιχώρῳ, Δόμαν πόλιν σὺν τῇ περιχώρῳ,",btn’n MHWZA OM prybr hmkwsy h’nry MHWZA OM prybr hmkwsy B kpwtky’ s’t≺l≻y MHWZA OM prybr hmkwsy dwm’n MHWZA OM prybr hmkwsy,"Batnān šahrestān aδ parβēr hamgōs, Xā̆nar šahrestān aδ parβēr hamgōs; pad Kap≺p≻ōdakiyā: Sātal šahrestān aδ parβēr hamgōs, Domān šahrestān aδ parβēr hamgōs,","Batnān šahrestān az parwar hammis, Xānar šahrestān az parwār hammis, pad Kap≺p≻ōdakiyā Sātal šahrestān az parwār hammis, Domān šahrestān az parwār hammis,"
ŠKZ Line 17,"Ἀρτανγιλλα πόλιν σὺν τῇ περιχώρῳ, Σουισαν πόλιν σὺν τῇ περιχώρῳ, Σουιδ πόλιν σὺν τῇ περιχώρῳ, Φρέατα πόλιν σὺν τῇ περιχώρῳ· ὁμοῦ πόλεις τριάκοντα ἑπτὰ σὺν ταῖς περιχώροις.",’r≺t≻ngly’ MHWZA OM prybr hmkwsy swšy MHWZA OM prybr hmkwsy šwdy MHWZA OM prybr hmkwsy pr’ty MHWZA OM prybr hmkwsy hms’k MHWZA OM prybr hmkwsy XX-X-IIIIIII,"Artangiliyā šahrestān aδ parβēr hamgōs, Sūš šahrestān aδ parβēr hamgōs; Šūd šahrestān aδ parβēr hamgōs, Frāt šahrestān aδ parβēr hamgōs, hamsāg šahrestān aδ parβēr hamgōs 37","*Artangiliyā šahrestān az parwār hammis, Sūš šahrestān az parwār hammis, Šūd šahrestān az parwār hammis, Frāt šahrestān az parwār hammis, āmār šahrestān az parwār hammis 37."
ŠKZ Line 18,"τῇ δε τρίτῃ ἀγωγῇ, ὁπότε ἡμεῖς ἐπὶ Κάρρας τε καὶ Ἔδεσσαν ὡρμήσαμεν καὶ Κάρρας καὶ Ἔδεσσα≺ν≻ ἐπολιορκοῦμεν, Οὐαλεριανος Καῖσαρ ἐφ’ ἡμᾶς ἦλθεν·",hrtyk y’wr AMT LN ’pr h’rn W ’wrh’y wyhšt HWYm W h’rn W ’wrh’y p≺r≻wdywt w’lrnyws kysr ’pr LN ATYt,"Hridīg yāwar kaδ amā abar Harrān ud Urhā wihišt ahēm ud Harrān ud Urhā parrūδīd, Wālaraniyos Kēsar abar amā āγad",ud sidīgar jār ka amā abar Harrān ud Urhā wihist hēm ud Harrān ud Urhā - - - - Waliyāranos Kēsar abar amā āmad
ŠKZ Line 19,"καὶ ἦσαν μετ’ αὐτοῦ ἀπὸ Γερμανῶν ἔθνους, ἀπὸ Ῥετίας ἔθνους, ἀπὸ Νωρικοῦ ἔθνους, ἀπὸ Δακείας ἔθνους, ἀπὸ Παννονίας ἔθνους, ἀπὸ Μυσίας ἔθνο≺υ≻ς, ἀπὸ Ἁμαστρίας ἔθνους, ἀπὸ Ἱσπανίας ἔθνους, ἀπὸ Λυσιτανίας ἔθνους",W YHWt LWT MN grm’ny’ hštr MN ryšy’ hštr MN nyrkws hštr MN d’ky’ hštr MN pndny’ hštr MN mwsy’ hštr MN ’stry’ hštr MN ’spny’ hštr MN ’pr≺k≻y’ hštr,"ud būd aδ až Garmāniyā šahr, až Rēšiyā šahr, až Nīrakos šahr, až Dākiyā šahr, až Pannaniyā šahr, až Mōsiyā šahr, až Astriyā≺-≻ šahr, až Ispaniyā šahr, až Afrikiyā šahr,","u-š ≺?≻ būd abāg ōy ≺?≻ az Garmāniyā šahr, az Rēšiyā šahr, az *Nōrikos ≺?≻ šahr, az Dākiyā šahr, az Pannaniyā šahr, az Mōsiyā šahr, az *Astriyā ≺?≻ šahr, az Ispāniyā šahr, az Afrikē šahr,"
ŠKZ Line 20,"ἀπὸ Θρᾳκίας ἔθνους, ἀπὸ Βιθυνίας ἔθνους, ἀπὸ Ἀσίας ἔθνους, ἀπο Καμπανίας ἔθνους, ἀπὸ Συρίας ἔθνους, ἀπὸ Λυκαονίας ἔθνους, ἀπὸ Γαλατίας ἔθνους, ἀπὸ Λυκίας ἔθνους, ἀπὸ Κιλικίας ἔθνους, ἀπὸ Καππαδοκίας ἔθνους, ἀπὸ Φρυγίας ἔθνους, ἀπὸ Συρίας ἔθνους,",MN tr’ky’ hštr MN b≺tw≻ny’ hštr MN ’s’y’ hštr MN pmp≺l≻’y’ hštr MN ’swry’ hštr MN l≺kw≻ny’ hštr MN gl’tyn’y hštr MN lwky’ hštr MN kylky’ hštr MN kpwtky’ hštr MN pr≺w≻k’y’ hštr MN swry’ hštr,"až Trākiyā šahr, až Bitūniyā šahr, až Āsāyā šahr, až Pamfilāyā šahr, až Isawriyā šahr, až Likōniyā šahr, až Galātīniyā šahr, až Lūkiyā šahr, až Kīlikiyā šahr, až Kap≺p≻ōdakiyā šahr, až Frūgāyā šahr, až Sūriyā šahr,","az Trākiyā šahr, az *Bitūniyā šahr, az Āsiyā šahr, az *Pamfiliyā šahr, az Isawriyā šahr, az Likōniyā šahr, az Galātiyā šahr, az Lūkiyā šahr, az Kīlikiyā šahr, az Kap≺p≻ōdakiyā šahr, az Frūgē šahr, az Sūriyā šahr,"
ŠKZ Line 21,"ἀπὸ Φοινείκης ἔθνους, ἀπὸ Ἰουδαίας ἔθνους, ἀπὸ Ἀραβίας ἔθνους, ἀπὸ Μαυριτανίας ἔθνους, ἀπὸ Γερμανίας ἔθνους, ἀπὸ Λυδίας ἔθνους, ἀπὸ Ἀσίας ἔθνους, ἀπὸ Μεσοποταμίας ἔθνους· δύναμις ἑβδομήκοντα χειλιάδων.",MN pnk’y’ hštr MN ywt’y’ hštr MN ’rby’ hštr MN mwrn hštr MN grm’ny’ hštr MN rwt≺w≻s hštr MN ’snyws hštr MN mdynrwtn hštr z’wry XX-XX-XX-X ALPYN,"až Fonikāyā šahr, až Yūdāyā šahr, až Arabiyā šahr, až Mōrān šahr, až Garmāniyā šahr, až Rōdōs šahr, až —-≺-≻ šahr, až Maδyānrōdān šahr zāwar 70 hazār.","az Fōnikiyā šahr, az Yahūdiyā šahr, az Arabiyā šahr, az Mōrān šahr, az Garmāniyā šahr, az Rōdōs šahr, az  - - - - šahr, az Mayānrōdān šahr zōr 70 hazār."
ŠKZ Line 22,"καὶ ἐκ τοῦ ἐκεῖθεν μέρους Καρρῶν καὶ Ἐδέσσων μετὰ Οὐαλεριανοῦ Καίσαρος μέγας πόλεμος ἡμεῖν γέγονεν καὶ Οὐαλεριανὸν Καίσαρα ἡμεῖς ἐν ἰδίαις χερσὶν ἐκρατήσαμεν καὶ τοὺς λοιποὺς τόν τε ἔπαρχον καὶ συνκλητικοὺς καὶ ἡγεμόνας, οἵτινες ἐκείνης τῆς δυνάμεως ἄρχοντες ἦσαν, πάντας τούτους ἐν χερσὶν ἐκρατήσαμεν καὶ εἰς τὴν Περσίδα αὐτοὺς ἐξηγάγομεν.",W MNhw ŠΘRA h’rn W ’wrh’y LWT w’lrnyws kysr RBA rpy YHWt W w’lrnyws kysr BNPŠE pty NPŠE YDA dstgrb OBDt W ’wy’tk rbysyp s’ntwr W hykmwn MNW LHw z’wry s’rr YHWt hrw dstgrb OBDt W LBRA OL p’rs HYTYt HWYN,"Ud až hō ārag Harrān ud Urhā aδ Wālaraniyos Kēsar wuzurg raf būd, ud Wālaraniyos Kēsar wxad pad wxēbeh dast dastgraβ kerd ud ōyādag, rabēsēf, sānatōr ud hēgemōn kē hō zāwar sārār būd, harw dastgraβ kerd, ud bē ō Pārs wāst ahēnd.","Ud az ān ālag ī Harrān ud Urhā abāg Waliyāranos Kēsar ardīg būd, u-n Waliyāranos Kēsar xwad pad xwēbaš dast dastgraw kerd, ud abārīg, *rabēsēf, *sanātōr ud hēgemōn kē ān zōr sālār būd harw dastgraw kerd, ud bē ō Pārs ānīd hēnd."
ŠKZ Line 23,καὶ τὸ ἔθνος τῆς Συρίας καὶ τὸ ἔθνος τῆς Κιλικίας καὶ τὸ ἔθνος τῆς Καππαδοκίας πυρὶ ἐκαύσαμεν καὶ ἠρημώσαμεν καὶ ᾐχμαλωτίσαμεν καὶ ἐκρατήσαμεν,W swry’ hštr kylky’ hštr W kpwtky’ hštr ’trwht ’wyrn W wrty’z OBDt,"Ud Sūriyā šahr, Kīlikiyā šahr, ud Kap≺p≻ōdakiyā šahr ādurwaxt, awērān ud wardyāz kerd.","Ud Sūriyā šahr, ud Kīlikiyā šahr, ud Kap≺p≻ōdakiyā šahr ādursōxt ud awērān ud wardyāz kerd."
ŠKZ Line 24,"ἐκείνῃ δὲ τῇ ἀγωγῇ ἐκρατήσαμεν ἀπὸ τοῦ ἔθνους Ῥωμαίων Σαμόσατα πόλιν σὺν τῇ περιχώρῳ, Ἀλεξάνδριαν τὴν κατ’ Ἰσὸν πόλιν σὺν τῇ περιχώρῳ, Κατάβολον πόλιν σὺν τῇ περιχώρῳ, Aἰγέαν πόλιν σὺν τῇ περιχώρῳ, Μομψουεστίαν πόλιν σὺν τῇ περιχώρῳ",W AHDt LHw y’wr MN prwmyn hštr ’lyhsndry’ {W} ktyswsy MHWZA OM prybr hmkwsy šmš’t MHWZA OM prybr hmkwsy krtr’y MHWZA OM prybr hmkwsy ’yg’y MHWZA OM prybr hmkwsy m’m’sty’ MHWZA OM prybr hmkwsy,"Ud grift hō yāwar až Frōmāyīn šahr Alexsandariyā Katis≺s≻os šahrestān aδ parβēr hamgōs, Šamšāt šahrestān aδ parβēr hamgōs, Katabalā šahrestān aδ parβēr hamgōs, Āygā šahrestān aδ parβēr hamgōs, Māmāstiyā šahrestān aδ parβēr hamgōs,","U-n grift pad ān jār az Hrōmāyīn šahr: Šamīšāt šahrestān az parwār hammis, Alexsandariyā Katis≺s≻os šahrestān az parwār hammis, *Katabalā šahrestān az parwār hammis, Aygiyā šahrestān az parwār hammis, *Māmasastiyā šahrestān az parwār hammis,"
ŠKZ Line 25,"Μαλλὸν πόλιν σὺν τῇ περιχώρῳ, Ἄδανα πόλιν σὺν τῇ περιχώρῳ, Ταρσὸν πόλιν σὺν τῇ περιχώρῳ, Ζεφύριν πόλιν σὺν τῇ περιχώρῳ, Σηβαστὴν πόλιν σὺν τῇ περιχώρῳ, Κώρυκον πόλιν σὺν τῇ περιχώρῳ",m’≺l≻ws MHWZA OM prybr hmkwsy ’t’≺n≻y’ MHWZA OM prybr hmkwsy trysst MHWZA OM prybr hmkwsy zpyrwn MHWZA OM prybr hmkwsy spsty’ MHWZA OM prybr hmkwsy kwlkws MHWZA OM prybr hmkwsy,"Māl≺l≻os šahrestān aδ parβēr hamgōs, Adāniyā šahrestān aδ parβēr hamgōs, Tarsos šahrestān aδ parβēr hamgōs, Zefīrōn šahrestān aδ parβēr hamgōs, Sebastiyā šahrestān aδ parβēr hamgōs, Kōrikos šahrestān aδ parβēr hamgōs,","Māl≺l≻os šahrestān az parwār hammis, Adāniyā šahrestān az parwār hammis, Tarsos šahrestān az parwār hammis, *Agōstiyā šahrestān az parwār hammis, Zefīrōn šahrestān az parwār hammis, Sebastiyā šahrestān az parwār hammis, Kōrikos šahrestān az parwār hammis,"
ŠKZ Line 26,"Ἀγρίππαν πόλιν σὺν τῇ περιχώρῳ, Καστάβαλα πόλιν σὺν τῇ περιχώρῳ, Νερωνιάδα πόλιν σὺν τῇ περιχώρῳ, Φλαυιάδα πόλιν σὺν τῇ περιχώρῳ, Νεικόπολιν πόλιν {πόλιν} σὺν τῇ περιχώρῳ",’n≺zr≻pws MHWZA OM prybr hmkwsy kstp≺l≻’y MHWZA OM prybr hmkwsy n≺rwn≻y’s MHWZA OM prybr hmkwsy p≺l≻’≺w≻y’s MHWZA OM prybr hmkwsy nykp≺l≻ws MHWZA OM prybr hmkwsy,"Anazarbos šahrestān aδ parβēr hamgōs, Kastābalā šahrestān aδ parβēr hamgōs, Nerōniyās šahrestān aδ parβēr hamgōs, Flāwiyās šahrestān aδ parβēr hamgōs, Nīkopolos šahrestān aδ parβēr hamgōs","Anazarbos šahrestān az parwār hammis, Kastābalāy Šahrestan az parwār hammis, Nerōniyās šahrestān az parwār hammis, Flāwiyās šahrestān az parwār hammis, *Nīkopolos šahrestān az parwār hammis,"
ŠKZ Line 27,"Ἐπιφάνιαν πόλιν σὺν τῇ περιχώρῳ, Κελένδεριν πόλιν σὺν τῇ περιχώρῳ, Ἀνεμοῦριν πόλιν σὺν τῇ περιχώρῳ, Σελινοῦν πόλιν σὺν τῇ περιχώρῳ, Μυῶν πόλιν σὺν τῇ περιχώρῳ, Ἀντιόχιαν πόλιν σὺν τῇ περιχώρῳ, Σελεύκιαν πόλιν σὺν τῇ περιχώρῳ",’ypy≺p≻n≺y≻’y MHWZA OM prybr hmkwsy ky≺l≻ndrws MHWZA OM prybr hmkwsy ’nym≺w≻rdny MHWZA OM prybr hmkwsy ≺sl≻ynwsy MHWZA OM prybr hmkwsy mydnp≺l≻ws MHWZA OM prybr hmkwsy ≺n≻tywky’ MHWZA OM prybr hmkwsy srty’p MHWZA OM prybr hmkwsy,"Ēpīfaniyā šahrestān aδ parβēr hamgōs, Kīlindiros šahrestān aδ parβēr hamgōs, Anīmūrīn šahrestān aδ parβēr hamgōs, Selīnūs šahrestān aδ parβēr hamgōs, Mīyanpolos šahrestān aδ parβēr hamgōs, Andiyō̆kiyā šahrestān aδ parβēr hamgōs, Sardiyāb šahrestān aδ parβēr hamgōs","Ēpīfaniyā šahrestān az parwār hammis, Kīlindiros šahrestān az parwār hammis, Anīmūrīn šahrestān az parwār hammis, Selīnūs šahrestān az parwār hammis, Miyanpolos šahrestān az parwār hammis, Andiyōk šahrestān az parwār hammis, Selūkiyā šahrestān az parwār hammis,"
ŠKZ Line 28,"Δομετίου πόλιν σὺν τῇ {τῇ} περιχώρῳ, Τύανα πόλιν σὺν τῇ περιχώρῳ, Μηιακαριρη πόλιν σὺν τῇ περιχώρῳ, Κόμανα πόλιν σὺν τῇ περιχώρῳ, Κύβιστρα πόλιν σὺν τῇ περιχώρῳ.",mwstynp≺l≻wsy MHWZA OM prybr hmkwsy twdyn’y MHWZA OM prybr hmkwsy kysry’ MHWZA OM prybr hmkwsy k≺w≻m’n’dy’ MHWZA OM prybr hmkwsy kwpstry’ MHWZA OM prybr hmkwsy,"Mōstinopolos šahrestān aδ parβēr hamgōs, Tūyanā šahrestān aδ parβēr hamgōs, Kēsariyā šahrestān aδ parβēr hamgōs, Kōmānāyā šahrestān aδ parβēr hamgōs, Kūbistariyā šahrestān aδ parβēr hamgōs,","*Mōstinopolos šahrestān az parwār hammis, Tīyanā šahrestān az parwār hammis, Kēsariyā šahrestān az parwār hammis, Kōmānāy šahrestān az parwār hammis, Kūbistariyā šahrestān az parwār hammis,"
ŠKZ Line 29,"Σηβάστιαν πόλιν σὺν τῇ περιχώρῳ, Βίρθαν πόλιν σὺν τῇ περιχώρῳ, Ῥακουνδιαν πόλιν σὺν τῇ περιχώρῳ, Λάρανδα πόλιν σὺν τῇ περιχώρῳ, Ἰκόνιν πόλιν σὺν τῇ περιχώρῳ· πάσας ταῦτας τὰς πόλεις σὺν ταῖς περιχώροις αὐτῶν λϛʹ.",spstyd’y’ MHWZA OM prybr hmkwsy byrt MHWZA OM prybr hmkwsy r’kwndy’ MHWZA OM prybr hmkwsy l’≺r≻ndy’ MHWZA OM prybr hmkwsy ’ykwndy’ MHWZA OM prybr hmkwsy hmys’k MHWZA OM prybr hmkwsy XX-X-IIIIII,"Sebastiyā šahrestān aδ parβēr hamgōs, Bīrt šahrestān aδ parβēr hamgōs, Rākūndiyā šahrestān aδ parβēr hamgōs, Lārandiyā šahrestān aδ parβēr hamgōs, Īkōniyā šahrestān aδ parβēr hamgōs, hamsāg šahrestān aδ parβēr hamgōs 36.","Sebastiyā šahrestān az parwār hammis, Bīrt šahrestān az parwār hammis, Rākūndiyā šahrestān az parwār hammis, Lārandiyā šahrestān az parwār hammis, Īkōniyā šahrestān az parwār hammis, āmār šahrestān az parwār hammis 36."
ŠKZ Line 30,"καὶ ἀνθρώπους τοὺς ἀπὸ τοῦ ἔθνους Ῥωμαίων ἀπὸ τῶν Ἀναριανων ἐν ἁρπαγῇ ἠγάγαμεν καὶ ἐν τῷ ἡμετέρῳ ἔθνει τῷ Ἀριανῶν ἐν Περσίδει καὶ ἐν Παρθίᾳ καὶ ἐν Οὐζηνῇ καὶ ἐν τῇ Ἀσσυρίᾳ καὶ ἐν τοῖς ἑτέροις ἔθνεσιν κατ’ ἐπαρχιῶν, ὅπου ἡμῶν τε καὶ τοῦ πατρὸς ἡμῶν καὶ πάππων καὶ προγόνων ἡμῶν κτίσματα ἦν, ἐκεὶ αὐτοὺς ἀπεκαθίσαμεν.",W mrthwmk ME MN prwmyn hštr MN ’ny’ry’n pty ’w’r HYTYt B ’ry’nhštr B p’rs prtw hwzstn ’swrstn W AHRN hštr L hštr ANw LN W ABYtr W ny’kn W hsynkn dstkrt YHWt TME YΘYBWt≺?≻,"Ud mardōhmag čē až Frōmāyīn šahr až Anērān pad āwār wāst, pad Ērānšahr, pad Pārs, Parθaw, Xūzestān, Asūrestān ud any šahr ō šahr, kū amā ud pidar ud niyāgān ud hasēnagān dastgerd būd, ōδ nišāst.","U-n mardōhm čē az Hrōmāyīn šahr az Anērān pad *āyār ≺?≻ ānīd, ān-in andar Ērānšahr pad Pārs, Pahlaw, Xūzestān, Asūrestān, ud any šahr ō šahr kū amā ud pidar ud niyāgān ud ahēnagān dastgerd būd, ānōh nišāst"
ŠKZ Line 31,"καὶ ἡμεῖς ἕτερα πολλὰ ἔθνη ἐζητήσαμεν καὶ πολὺ ὄνομα καὶ ἀνδρειότητα ἐπεποιήσαμεν, ἃ ἐνθάδε οὐκ ἐνεγράψαμεν πλὴν τὰ τοσαῦτα. διὰ τοῦτο ἐκελεύσαμεν γραφῆναι, ἵνα, ὅστις μεθ’ ἡμᾶς ἔσται, τοῦτο τὸ ὄνομα καὶ τὴν ἀνδρείαν καὶ τὴν δεσποτείαν τὴν ἡμετέραν ἐπιγνώσεται",W LN AHRNš ŠGYA hštr YBOt W ŠGYA ŠME W ΘBpy OBDt ME TNE LA KTYBt byš ZK ’wnt MN ZK krty ’wpdšt KTYBtn AYK MNW BATR MNn YHYE ZNE ŠME ΘBpy W hwtwypy ME LN YDOEd,"Ud amā anī-ž was šahr wxāšt ud was nām ud nēwīf kerd, čē ēd nē nibišt, bēž ēd āwand až ēd kerd ubdišt nibištan, kū kē paš až-an bawād, im nām nēwīf ud xwadāyīf čē amā zānāh.","u-n anī-z was šahr xwāst ud was nām ud nēwīh kerd čē ēdar nē nibišt, bē ēn and az ēd kerd framād nibištan, kū kē pas bawād ān ēn nām ud nēwīh ud xwadāyīh čē amā dānād."
ŠKZ Line 32,"κατ’ ἐκεῖνο οὖν, ὅτι οἱ θεοὶ ἡμᾶς οὕτως δαστικερτας ἔκτισαν καὶ εἰς τὴν βοήθιαν τῶν θεῶν ταῦτα τὰ τοσαῦτα ἔθνη ἐζητήσαμεν καὶ κατέχομεν, διὰ τοῦτο καὶ ἡμεῖς δὲ κατὰ ἔθνος καὶ ἔθνος πολλὰ πυρεῖα Γουαραθραν ἱδρύσαμεν καὶ πολλοῖς ἀνθρώποις μάγοις τὰ ἀγαθὰ ἐποιήσαμεν",W LQBL {kd} AYK y’zt LN MN ZK gwnk dstkrt OBDWnt W pty y’ztn pwšt ZNE ’wnt hštr YBOEm W HHSNWm KN LNš hštr L hštr ŠGYA ’trw wrhr’n YΘYBWt ≺?≻ W ŠGYA mgwGBRA krpkpy OBDt W RBA y’ztn wyndršn OBDt,"Ud ēd-rāδ {kaδ} kū yazad amā až ēd gōnag dastgerd karēnd ud pad yazdān pušt im āwand šahr wxāzām ud dārām, ōh amā-ž šahr ō šahr was ādur Warhrān nišāst ud was moγmard kirbagīf kerd ud wuzurg yazdān windārišn kerd.","Ud ēd rōy kū yazad amā az ēn gōnag dastgerd kunēnd ud pad yazdān pušt ēd and šahr xwāhēm ud dārēm, ōh amā-z šahr ō šahr was ādur Warhrān nišāst ud was mōwmard kirbagīh kerd, ud wuzurg yazdān winnārišn kerd."
ŠKZ Line 33,"καὶ εἰς τοῦτο τὸ νιβυστ καθιδρύσαμεν πυρεῖον ἓν, Χοστρω-σαβουρ καλούμενον εἰς ἡμετέραν μνείαν καὶ ὀνόματος συντήρησιν, πυρεῖον ἓν Χοστρω-αδουραναιδ καλούμενον εἰς τὴν Ἀδουρ-αναιδ τῆς βασιλίσσης τῶν βασιλίσσων τῆς θυγατρὸς ἡμῶν μνείαν καὶ ὀνόματος συντήρησιν, καὶ πυρεῖον ἓν Χοστρω-ορμισδαρταξειρ καλούμενον εἰς τὴν Ὡρμισδαρταξιρ τοῦ μεγάλου βασιλέως Ἀρμενίας υἱοῦ ἡμῶν μνείαν καὶ ὀνόματος συντήρησιν",W TNEš pty npwšt YΘYBWm ’trw HD hwsrwš hypwhr ŠME pty LN ’rw’n W p’šn’m ’trw HD hwsrw’trw’nhtyE ŠME pty ’trw’nhtyE MLKTEn MLKTE LN BRTY ’rw’n W p’šn’m ’trw HD hwsrw’hwrmzd’rthštr ŠME pty ’hwrmzd’rthštr RBA MLKA ’rmnyn LN BRY ’rw’n W p’šn’m,"Ud ēd-iž pad nibušt nišāyām: ādur ēw Husraw-Šābuhr nām, pad amā arwān ud pāšnām; Ādur ēw Husraw-Ādur-Anāhīd nām, pad Ādur-Anāhīd bāmbišnan bāmbišn amā duxt arwān ud pāšnām; Ādur ēw Husraw-Ohrmezd-Ardašīr nām, pad Ohrmezd-Ardašīr wuzurg šāh Arminīn amā puhr arwān ud pāšnām","Ud ēdar-iz pad nibišt nišāyēm: ādur 1 Husraw-Šābuhr nām, pad amā ruwān ud pannām; ādur 1 Husraw-ādur-Anāhīd nām, pad Ādur-Anāhīd, bāmbišnān bāmbišn ī amā duxt ruwān ud pannām; ādur 1 Husraw-Ohrmezd-Ardašīr nām, pad Ohrmezd-Ardašīr, wuzurg šāh Arminān ī amā pusar ruwān ud pannām;"
ŠKZ Line 34,ἕτερον πυρεῖον ἓν Χοστρω-σαβουρ καλούμενον εἰς τὴν Σαβουρ τοῦ Μησανηνῶν βασιλέως υἱοῦ ἡμῶν μνείαν καὶ ὀνόματος συντήρησιν καὶ πυρεῖον ἓν Χοστρω-ναρση καλούμενον εἰς τὴν ἀρίαν Μασδαασνου Ναρσαίου βασιλέως Ἰνδίας Σεγιστηνῆς Τουρηνῆς ἕως χείλους θαλάσσης υἱοῦ ἡμῶν εἰς τὴν μνείαν καὶ ὀνόματος συντήρησιν.,AHRN ’trw HD hwsrwšhypwhr ŠME pty šhypwhr myšn MLKA LN BRY ’rw’n W p’šn’m ’trw HD hwsrwnryshw ŠME pty ’ry mzdyzn nryshw MLKA hndy skstn W twrgstn HN OL YMA znb LN BRY ’rw’n W p’šn’m,"any ādur ēw Husraw-Šābuhr nām, pad Šābuhr Mēšān šāh amā puhr arwān ud pāšnām; ādur ēw Husraw-Narseh nām, pad ēr mazdēzn Narseh šāh Hind, Sagestān ud Turγestān yad ō zrēh zamb amā pwhr arwān ud pāšnām.","any ādur 1 Husraw-Šābuhr nām, pad Šābuhr ī Mēšān šāh ī amā pusar ruwān ud pannām; ādur 1 Husraw-Narseh nām, pad ēr mazdēsn Narseh, šāh Hind, Sagestān ud Tūrestān tā drayā damb ī amā pusar ruwān ud pannām."
ŠKZ Line 35,"καὶ ἐκεῖνο, ὃ τούτοις τοῖς πυρίοις παρεσχόμεθα καὶ ἔθος κατεστήσαμεν, ὁμῶς πάντα εἰς ἔνγραφον τοῦ ἀσφαλίσματος τῆς τειμῆς ἐγράψαμεν καὶ ἀπ’ ἐκείνων τῶν χειλίων προβάτων τῶν ἀπὸ ταρκάπησιν ἐθίμων ἡμεῖν ὄντων ἡμεῖς τούτοις τοῖς πυρείοις ἐδώκαμεν καὶ ἐκεῖνο ἐκελεύσαμεν, ἵνα γείνηται",W LHw ME ZNHn ’trwn YNTNm W ME ’bdyn HQAYMWt ≺?≻ KNš hrw ’pr ptyhštr KTYBt W MNhw QYN I-M ME MN trkpyšn OLYN ’bdyn YHWt W LN ZNHn ’trwn YNTNt LHw vac. ’wpdysywm AYK hyp krhyd,"ud hō, čē imīn ādurān dahām ud čē aβδēn awestād ≺-≻, ōh-iž harw abar pādixšīr nibišt. ud až hō akbrīd 1000, čē až tarkafišn ō amā aβδēn būd ud amā imīn ādurān dād, hō ubdēsām kū hēb kirihēd.","ud ān čē imešān ādurān dād ud ī-šān pad ēwēn nihād, ān-in ōh-iz harw abar pādixšīr nibišt. bē az ān akbrīd 1000 ī az *tarkafišn ō amā ēwēn būd ud amā imēšan ādurān dād, ān framāyom kū ēw kīrēd:"
ŠKZ Line 36,"εἰς τὴν μνείαν ἡμῶν πρόβατον ἡμερίσιον ἓν, καὶ ἄρτων μόδιος εἷς ἥμισυς, οἴνου πασατας τέσσερας, εἰς τὴν Σασάνου τοῦ κυρίου καὶ Παπάκου βασιλέως καὶ Σαπώρου βασιλέως Παπακαν καὶ Ἀρταξάρου βασιλέως βασιλέων καὶ Χορνανζημ τῆς τοῦ ἔθνους βασιλίσσης καὶ Ἀδουρ-αναιδ βασιλίσσης τῶν βασιλισςῶν καὶ Δηνακης βασιλίσσης καὶ Γουαραθρανου βασιλέως Γεληνῶν καὶ Σαπώρου βασιλέως Mησανηνῶν.",pty LN ’rw’n YWMA OL YWMA QYN HD LHMA HD gryw W IIIII hwpn HMR IIII p’s pty s’sn hwtwy W p’pk MLKA W šhypwhr MLKA p’pkn W ’rthštr MLKYN MLKA hwr’nzmyE hštr MLKTE ’trw’nhtyE MLKTEn MLKTE dynkyE MLKTE wryhr’m gyln MLKA šhypwhr myšn MLKA,"pad amā arwān rōž ō rōž akbrīd ēw, nān ēw grīw ud 5 hōfan, maδ 4 pās; pad Sāsān xwadāy, ud Pābag šāh, ud Šābuhr šāh Pābagān, ud Ardašīr šāhān šāh, Xwar≺r≻ā̆nzēm šahr bāmbišn, Ādur-Anāhīd bāmbišnān bāmbišn, Dēnag bāmbišn, Warhrām Gēlān šāh, Šābuhr Mēšān šāh,","pad amā ruwān rōz ō rōz akbrīd 1, nān g≺rīw≻ 1 h≺ōfan≻ 5, may p≺ās≻ 4; pad Sāsān ī xwadāy, ud Pābag šāh, ud Šābuhr šāh ≺ī≻ Pābagān, ud Ardašīr šāhān šāh, ud Xwar≺r≻ānzēm ī šahr bāmbišn, ud Ādur-Anāhid bāmbišnān bāmbišn, ud Dēnag bāmbišn, ud Warhrān ≺ī≻ Gēlān šāh, ≺ud≻ Šābuhr ī Mēšān šāh, "
ŠKZ Line 37,"καὶ Ὡρμισδ-αρταξάρου μεγάλου βασιλέως Ἀρμενίας καὶ Ναρσαίου Σεγιστηνῶν βασιλέως καὶ Σαβουρ-δουκτακ τῆς Σεγιστανῶν βασιλίσσης καὶ Τιεσμακ τῆς κυρίας καὶ Πηρώζου τοῦ ἐκ βασιλέων καὶ Μυρρωδ κυρίας μητρὸς Σαπώρου βασιλέως βασιλέων καὶ Ναρσαίου τοῦ ἐκ βασιλέων καὶ Ῥωδ-δουκτκ≺α≻κ ≺τ≻ῆς θυγατρὸς Ἀνωσακ, καὶ Γοραζ-δουκτ θυγατρὸς Χορνανζημ",’hwrmzd’rthštr RBA MLKA ’rmnyn nryshw skn MLKA šhypwhrdwhtkyE skn MLKTE ššmkyE MRATY prgwz BRBYTA mrdwtyE MRATY šhypwhr MLKYN MLKA AMY nryshw BRBYTA rwddwhtyE BRBYTE ’nwškyE BRTY wr’zdwhtyE hwr’nzmyE BRTY,"Ohrmezd-Ardašīr wuzurg šāh Arminīn, Narseh Sagān šāh, Šābuhrduxtag Sagān bāmbišn, Čašmag bānūg, Pērōz wispuhr, Murrōd bānūg Šābuhr šāhān šāh mād, Narseh wispuhr, Rōdduxt wisduxt Anōšag duxt, Warāzduxt Xwar≺r≻ā̆nzēm duxt","ud Ohrmezd-Ardašīr ī wuzurg šāh Arminān, ud Narseh ī Sagān šāh, ud Šābuhrduxtag ī Sagān bāmbišn, ud Narsehduxt ī Sagān bānūg, ud Čašmag ī bānūg, ud Pērōz ī wispuhr, ud *Murrōd ī bānūg ī Šābuhr šāhān šāh mād, ud Narseh ī wispuhr, ud Rōdduxt ī duxš ī Anōšag duxt, ud Warāzduxt ī Xwar≺r≻ānzēm duxt"
ŠKZ Line 38,"καὶ Σταριαδ βασιλίσσης καὶ Ὡρμισδακ υἱοῦ τοῦ Ἀρμενίων βασιλέως καὶ Ὡρμισδ καὶ Ὡρμισδακ καὶ Ὀδαβαχθ καὶ Γουαραθραν καὶ Σαβουρ καὶ Πηρωζ τοῦ Μησανηνῶν βασιλέως υἱῶν καὶ Σαβουρ-δουκτακ θυγατρὸς τοῦ Μησανηνῶν βασιλέως καὶ Ὡρμισδ-δουκτακ θυγατρὸς τοῦ Σεγιστανῶν βασιλέως τῆς μνείας πρόβατον ἕν, ἄρτων μόδιον ἕνα ἥμισυ, οἴνου πασεους τέσσαρας",’sthrd’tyE MLKTE W ’hwrmzdk ’rmnyn MLKA BRY ’hwrmzd W ’hwrmzdk –’wt’ybht W wryhr’n –šhypwhr –prgwz myšn MLKA BRY šhypwhrdwht k yE myšn MLKA BRTY W ’hwrmzddwhtkyE skn MLKA BRTY ’rw’n QYN HD LHMA HD gryw W IIIII hwpn HMR IIII p’s,"Staxryād bāmbišn, ud Hormezdag Arminīn šāh puhr, Hormezd ud Hormezdag Ōdābaxt ud Warhrān Šābuhr Pērōz Mēšān šāh puhr, Šābuhrduxtag Mēšān šāh duxt ud Ohrmezdduxtag Sagān šāh duxt arwān akbrīd ēw, nān ēw grīw ud 5 hōfan, maδ 4 pās;","≺ud≻ Staxryād bāmbišn, ud Hormezdag ī Arminān šāh pus, ≺ud≻ Hormezd, ud Hormezdag, ud Ōdābaxt, ud Warhrān, ud Šābuhr, ud Pērōz ī Mēšān šāh pusar, ud Šābuhrduxtag ī Mēšān šāh duxtar, ud Ohrmezd≺d≻uxtag ī Sagān šāh duxtar ruwān akbrīd 1, nān g≺rīw≻ 1 h≺ōfan≻ 5, may p≺ās≻ 4;"
ŠKZ Line 39,"κἀκεῖνα τὰ πρόβατα, ἅπερ ἐκεῖθεν περισσεύει, ἕως ἐξαρκέσῃ,ἐν τόσῳ εἰς τὴν μνείαν εκείνων, ὧν ἡμεῖς ἐκελεύσαμεν, εἰς μνείαν αὐτῶν μαγεύσωσιν",W LHw QYN ME MN TME prtšywd HN pty’wyd ’wtyn pty Lhwyn ’rw’n MNW LN ’wpdšt ’rw’n YOBDytn,"ud hō akbrīd, čē až ōδ pardažēd yad pattāwēd āwadīn pad hawīn arwān kē amā ubdišt arwān yazīdan.","ud ān akbrīd ī abārīg, ān tā pattāyād andom pad awēšān ruwān kē šāhān šāh framād ruwān yaštan."
ŠKZ Line 40,"καὶ ἐνθάδε ἐνγέγραπται καὶ συνέστηκεν· τῶν επὶ τῆς Παπάκου βασιλέως δεσποτείας ὑπαρξάντων Σασάνου τοῦ Ἀρνηγαν, Φαρρεκ Φαρρικαν, Γοαρθανιπατ Ὡριγαν, Ἀσπωρικ Ἀσπωριγαν, Πωρικ Μερδιγαν, Ζιγ τοῦ διπνοκλήτορος, Σαπώρου Γουεζηνιγαν, Σαπώρου Μεερωζινηγαν",W TNE KTYBt HQAYMWnt MNW ’pr p’pk MLKA hwtwypy YHWt HWYN s’sn ’wrnwkn prdk prdkn wrtrgnpt hwrkn ’spwrk ’spwrkn pwhrk mrtynkn zy’k nywdpty šhypwhr wyznkn šhypwhr mtrbwznkn,"Ud ēd nibišt awištēnd kē abar Pābag šāh xwadāyīf būd ahēnd: Sāsān Orsigān, Farrag Farragān, Warhrānbād Hōragān, Aspōrag Aspōragān, Puhrag Mardēn≺a≻gān, Zīg niwēδbed, Šābuhr Wēzān≺a≻gān, Šābuhr Mihraβōzān≺a≻gān;","Ud nāmčišt pad nibišt abar stān nibišt ēstēd: rōz ō rōz akbrīd 1, nān g≺rīw≻ 1 h≺ōfan≻ 5, may p≺ās≻ 4 kē abar Pābag šāh būd: Sāsān ī *Orsigān, Farrag ī Farragān, *Warhrānbād ī *Hōragān, Aspōrag ī Aspōragān, Puhrag ī Mardēn≺a≻gān, *Zīg ī ayēnīg, Šābuhr ī Wēzān≺a≻gān, Šābuhr ī Mihrōzān≺a≻gān;"
ŠKZ Line 41,"καὶ τῶν επὶ τῆς Ἀρταξάρου τοῦ βασιλέως βασιλέων δεσποτείας ὑπαρξάντων Σαταροπτ Ἀβρηναχ βασιλέως, Ἀρταξάρου Μάρου βασιλέως, Ἀρταξιρ Κερμαν βασιλέως, Ἀρταξιρ Σιγαν βασιλέως, Δηνικ Παβάκου τοῦ βασιλέως μητρός, Ῥωδακης τῆς Ἀρταξάρου τοῦ βασιλέως βασιλέων μητρός.",MNW ’pr ’rthštr MLKYN MLKA hwtwypy YHWt HWYN s’trp ’prynk MLKA ’rthštr mrgw MLKA ’rthštr krmn MLKA ’rthštr skn MLKA dynkyE p’pk MLKA AMY rwtkyE ’rthštr MLKYN MLKA AMY,"kē abar Ardašīr šāhān šāh xwadāyīf būd ahēnd: Sadāluf Abrēnag šāh, Ardašīr Marγ šāh, Ardašīr Kermān šāh, Ardašīr Sagān šāh, Dēnag Pābag šāh mād, Rōdag Ardašīr šāhān šāh mād,","kē abar Ardašīr šāhān šāh bud: *Sadāluf ī Abrēnag šāh, Ardašīr ī Marw šāh, Ardašīr ī Kermān šāh, Ardašīr ī Sagān šāh, Dēnag ī Pābag šāh mād, Rōdag ī Ardašīr šāhān šāh mād,"
ŠKZ Line 42,"Δηνακης βασιλίσσης βασιλισςῶν Παπακαν, Ἀρταξιρ βιδιξ, Παβάκου ἁζαροπτ, Δηην Γοράζου, Σασαν Σουρην, Σασαν Ἰνδηγαν δεσπότου, Πηρωζ Καρην, Γωωκ Καρην, Ἀβουρσαμ Ἀρταξιρουφρ, Γηλιμαν ἀπὸ Δουμβαουνδ, Ῥοξ σπαπίτου, Μαρδ διβιρουπτ, Παβακ τοῦ δειπνοκλήτορος",dynkyE MLKTEn MLKTE p’pkn ’rthštr bythš p’pk hzrwpt dyhyn wr’z s’sn swryn s’sn ’ndykn hwtwy prgwz krny gwk krny ’pwrs’m ’rthštrpry gylm’n dwnb’wntš rhš sp’dpty m’rd dpyrwpt p’pk nywdpty,"Dēnag bāmbišnān bāmbišn Pābagān, Ardašīr bidaxš, Pābag hazāruft, Dēhēn Wārāz, Sāsān Sūrēn, Sāsān Andēgān xwadāy, Pērōz Kārin, Gōg Kārin, Abursām Ardašīr-Farr, Gēlmān Dunbāwand-iž, Raxš spāδbed, Mard dibīruft, Pābag niwēδbed,","Dēnag ī bāmbišnān bāmbišn ī Pābagān, Ardašīr ī bidaxš, Pābag ī hazāruft, Dēhēn ī Wārāz, Sāsān ī Sūrēn, Sāsān ī Andēgān xwadāy, Pērōz ī Kārin, Gōg ī Kārin, Abursān ī Ardašīr-Farr, Raxš ī spāhbed, *Mard ī dibīruft ≺?≻, Pābag ī ayēnīg,"
ŠKZ Line 43,"Παζηρου Γουασπεριγαν, Οὐιφερου τοῦ Οὐιφεριγαν, Μερχουάστου τοῦ Βερησιγαν, Χουμαφρατ μαιγανπεδ, Δηραν τοῦ ζηνιπιτ, Τζερικ τοῦ δικαστοῦ, Οὐαρδαν τοῦ ἐπὶ τῆς πάθνης, Mεερ≺ι≻κ Τουσσεριγαν, Ζηκ Ζαβρικαν, Σαγβους τοῦ ἐπὶ τοῦ κυνηγίου, Χουδικ τοῦ ἐπὶ τῆς ἀννώνης, Διεην τοῦ ἐπὶ τοῦ οἴνου",p’šhr wysprkn wyprd prdkn mtryhwšt bryskn hwmprd’t m’dknpty drn zynpty šhrk d’tbr wrdn ’hwrpty mtrk twsrkn zy’k zbrkn skpws nhšyrpty hwtwk grstpty z’hyn mdkdr,"Pāčihr Wisfarr≺a≻gān, Wifr Farragān, Mihrxwāšt Barēsagān, Hōmfraδād māδagānbed, Dirān zēnbed, Čihrag dādβar, Wardān āxwarrbed, Mihrag Tōsar≺a≻gān, Zīg Zabr≺a≻gān, Sagbus naxčīrbed, Hudug grastbed, J̆̆ahēn maδugdār","Pā≺k≻čihr ī Wisfarr≺a≻gān, Wifr ī Farragān, Mihrxwāst ī Barēsagān, *Homfrād ī māyānbed, Dirām ī zēnbed, Čihrag ī dādwar, *Wardān ī āxwarrbed, Mihrag ī Tōsar≺a≻gān, Zig ī Zabr≺a≻gān, Sagbus ī naxčirbed, *Hudug ī grastbed, Jahēn ī mayyār;"
ŠKZ Line 44,"καὶ τῶν ὑπὸ τὴν δεσποτείαν ἡμῶν γεγονότων Ἀρταξάρου βασιλέως τῆς Ἀδιαβηνῆς, Ἀρταξάρου βασιλέως τῆς Κιρμανζηνῆς, Δηνακη≺ς≻ βασιλίσση≺ς≻ Μησων δαστικιρτ Σαπωρ, Ἀμαζασπου τοῦ βασιλέως τῆς Ἰβηρίας, Οὐαλάσσου τοῦ ἐγ βασιλέων υἱοῦ Παβάκου",MNW ’pr LN hwtwypy YHWt ’rthštr ntwšrkn MLKA ’rthštr krmn MLKA dynkyE myšn MLKTE dstkrt šhypwhr hmz’sp wyršn MLKA wlgšy BRBYTA p’pkn,"kē abar amā xwadāyīf būd: Ardašīr Nōdšīragān šāh, Ardašīr Kermān šāh, Dēnag Mēšān bāmbišn, dastgerd Šābuhr, ≺H≻amāzāsp Wiržān šāh, Wala≺x≻š wispuhr Pābagān,","kē abar Šābuhr šāhān šāh bud: Ardašīr ī Nodšīragān šāh, Ardašīr ī Kermān šah, Dēnag ī Mēšān bāmbišn, dastgerd Šābuhr, ≺H≻amāzāsp Wiruzān šāh, Wala≺x≻š ī wispuhr ī Pābagān,"
ŠKZ Line 45,"Σασάνου τοῦ ἐγ βασιλέω≺ν≻ τοῦ ≺εἰ≻ς Παρικαν τραφέντος, Σασάνου τοῦ ἐγ βασιλέων τοῦ εἰς Κιδουκαν ἀνατραφέντος, Ναρσαίου τοῦ ἐγ βασιλέων Πηρωζιγαν, Ναρσαίου τοῦ ἐγ βασιλέων Σαβουργαν, Σαπωρ πιτιάξου, Παβάκου ἁζαρίπτου, Πηρώζου ἀσπιπίδου, Ἀρταξαρ Γουραζ",s’sn BRBYTA ME pty prdkn HHSNt AHRN s’sn BRBYTA ME pty ktwkn HHSNt nryshw BRBYTA prgwzkn nryshw BRBYTA šhypwhrkn šhypwhr bythš p’pk hzrwpt prgwz ’sppty ’rthštr wr’z,"Sāsān wispuhr, čē pad Farragān derd, any Sāsān wispuhr čē pad Kadugān derd, Narseh wispuhr Pērōzgan, Narseh wispuhr Šābuhr≺a≻gān, Šābuhr bidaxš, Pābag hazāruft, Pērōz aspbed, Ardašīr Wārāz","Sāsān ī wispuhr ī pad Farragān dāšt, Sāsān ī wispuhr ī pad Kadugān dāšt, Narseh ī wispuhr ī Pērōzgan, Narseh ī wispuhr ī Zādspraxm≺a≻gān, Šābuhr ī bidaxš, Pābag ī hazāruft, Pērōz ī aspbed, Ardašīr ī Wārāz,"
ŠKZ Line 46,"Ἀρταξαρ Σουρην, Ναρσαίου Ἀνδηγαν κυρίου, Ἀρταξαρ Καρην, Γοαννάμου ἐπιτρόπου, Φρείκου Γουε-αντιοχ-σαβωρ σατράπου, Στρηδω Σαιμούστου, Ἀρταξαρ Ἀρταξαρισνουμ, Παζηρ Ταμ-σαβουρ, Ἀρταξαρ Γωμαν σατράπου,Tιασμικ Νι-σαβωρ",’rthštr swryn nryshw ’ndykn hwtwy ’rthštr krny whwn’m prmtr pry’k why’ntywkšhypwhr hštrp srytwd šhyhmwst ’rthštr ’rthštrhšnwm p’šhr thmšhypwhr ’rthštr gwdmn hštrp ššmk nywšhypwhr,"Ardašīr Sūrēn, Narseh Andēgan xwadāy, Ardašīr Kārin, Wohnām framādār, Frīg Weh-Andiyō̆k-Šābuhr šahrab, Sridōy Šāmust, Ardašīr Ardašīr-Šnōm, Pāčihr Tahm-Šābuhr, Ardašīr Gō≺y≻mān šahrab, Čašmag Nēw-Šābuhr","Ardašīr ī Sūrēn, Narseh ī Andēgān xwadāy, Ardašīr ī Kārin, Wohnām ī framādār, Frīg ī Weh-Andiyōk-Šābuhr šasab, *Sridōy ī Šāhmust, Ardašīr ī Ardašīr-Šnōm, Pā≺k≻čihr ī Tahm-Šābuhr, Ardašīr ī *Gō≺y≻mān šasab, Čašmag ī Nēw-Šābuhr,"
ŠKZ Line 47,"Γοανναμ Σαπωρ-σνουμ, Τιρμερ Σαρακάρτων καστελλοφύλακος, Ζικ δειπνοκλήτορος, Ἀρταβάνου τοῦ ἀπὸ Τουμβαούντων, Γυνδιφερ Ἀβγαν, Ῥισμαωδ καὶ Παβις Πηρωσαβωρ Σονβεδηγαν, Γουαρζιν Γη σατράπου,Κιρδιστρω πιτυάξου, Παπάκου Οὐισπερηγαν",whwn’m šhypwhrhšnwm tyrymtry hštrkrt dyzpty zy’k nywdpty ’rtbnw dwnb’wntš wyndprn ’bkn rzmywd W p’pyš prgwzšhypwhr šnbytkn w’rzn g’b hštrp krtsrw bythš p’pk wysprkn,"Wohnām Šābuhr-Šnōm, Tīrmihr Šahrkerd dizbed, Zīg niwēδbed, Ardaβān Dumbāwand-iž, Gundifarr Ēwagān, Razmayōd ud Pābič Pērōz-Šābuhr Šanbidgān, Wā̆rzan Gaβ šahrab, Kerdsraw bidaxš, Pābag Wisfarr≺a≻gān","Wohnām ī Šābuhr-Šnōm, Tīrmihr ī Šahrkerd dizbed, Zīg ī ayēnīg, Ardawān ī Dumbāwan-iz, Gundifarr ī *Ēwagān, Pābīg ī Pērōz-Šābuhr ī Šanbidgān, *Wārzan ī Gay šasab, Kerdsraw ī bidaxš, Pābag ī Wisfarr≺a≻gān,"
ŠKZ Line 48,"Οὐαλάσου Σλωκαν, Ἰησδιβαδ βασιλισσῶν ἁνδαρζαβιδ, Παπάκου τοῦ σπαθοφόρου, Ναρσαίου Ῥινδ σατράπου, Τιανικ Ἀμιδαν σατράπου, Γουλβαδ τοῦ επὶ τῆς ὑπηρεσίας, Διωμερδου Ῥαστιγαν, Ἀρταξάρου Γυιφεριγαν, Ἀβουρσαμ-σαβωρ τοῦ ἐπὶ τῶν δριγαιων, Ναρσαίου Βαρριγαν, Σαβωρ Ναρσηγαν",wlgšy sylwkn y’zdpt MLKTEn hndrzpty p’pk spsyrdr nryshw rnd hštrp ty’nk ’hmtn hštrp wrdpt prštkpty ywdmrt rstkn ’rthštr wyprdkn ’pwrs’m šhypwhr drykn s’rr nryshw brdkn šhypwhr nryshwkn,"Wala≺x≻š Selūkān, Yaz≺a≻dbed bāmbišnān handarzbed, Pābag safsērdār, Narseh Rind šahrab, Tiyānag Hamadān šahrab, Wardbed parištagbed, J̆̆ōymard Rastagān, Ardašīr Wifr≺a≻gān, Abursām Šābuhr darīgān sārār, Narseh Barragān, Šābuhr Narsehgān","Wala≺x≻š ī Selūkān, Yazadbed ī bānūgān handarzbed, Pābag ī šafšēlār, Narseh ī Rind šasab, Tiyānag ī Hamadān šasab, Wardbed ī paristagbed, J̆ōymard ī Rastagān, Ardašīr ī *Wifr≺a≻gān, Abursām ī Šabuhr i darīgān sālār, Narseh Barragān, Šābuhr ī Narsehgān,"
ŠKZ Line 49,"Ναρσαίου τοῦ ἐπὶ τῆς ἀννώνης, Ὡρμίζ≺δ≻ου τοῦ ἀρχιγραμματέως, Ναδωκ τοῦ ἐπὶ τῆς φυλακῆς, Παπακ θυρουροῦ, Πασφερδ Πασφερδιγαν, Ἀβ≺δ≻αγας Δησβηδιγαν, Καρτειρ μάγου, Ῥαστακ Γυε-αρταξάρων σατράπου, Ἀρταξάρου Πιτιξιγαν, Μεερχουαστ γανζοφύλακος, Σαπώρου ἐπιτρόπου",nryshw grstpty ’hwrmzd dpyrpty n’dwk zyndnyk p’pk brypty p’sprd p’sprdkn ’bdgšy dyzptkn krtyr ’hrpty rstk why’rthštr hštrp ’rthštr bythškn mtryhwšt gnzbr šhypwhr prmtr,"Narseh grastbed, Hormezd dibīrbed, Nāδug zēndānīg, Pābag barbed, Pāsfard Pāsfardgān, Abdaxš dizbedgān, Kerdīr ēhrbed, Rastag Weh-Ardašīr šahrab, Ardašīr bidaxšgān, Mihrxwāšt ganzβar, Šābuhr framādār","Narseh ī grastbed, Hormezd ī dibīrbed, pus Hormezd ī dibīrbed, Nādug ī zēndānīg, Pābag ī darbed, *Pāsfal ī *Pāsfalgān, *Ēwaxš ī dizbedgān, Kerdīr ī ēhrbed, Rastag ī Weh-Ardašīr šasab, Ardašīr ī bidaxšgān, Mihrxwāst ī ganzwar, Šābuhr ī framādār,"
ŠKZ Line 50,"Ἀστατ Μεεραν ἐπὶ ἐπιστολῶν, Σασαν εὐνούχου Σασανγαν, Οὐορωδ ἀγορανόμου, Ἀρταξάρου Νηρηζ σατράπου, Βαδου Γουλιβηγαν, Κιρδειρ Ἰρδουαν, Ζαρουανδατ Βανδιγαν, Γυινναρ Σασανγαν, Μανζικ εὐνούχου, Σασάνου δικαστοῦ, Οὐαρδάνου Νασπαδιγαν, Οὐαρδικ γοραζιβιδ· ὁμοῦ πρόβατον ἕν, ἄρτου μόδιον ἕνα ἥμισυ, οἴνου πασαιους τέσσαρες.",’rštt mtrn pty prwrtk SPRA s’sn špystn s’snkn wrwd w’šrpty ’rthštr nyryš hštrp bgdt wrdptykn krtyr ’rtbnw zrw’ndt bndkn wyn’r s’snkn m’nzk špystn s’sn d’tbr wrdn n’šptkn wrdk wr’zpty HD TWBn QYN HD LHMA HD gryw W IIIII hwpn HMR IIII p’s,"Arštād Mihrān pad frawardag dibīr, Sāsān šabestān Sāsāngān, Wīrōδ wāžārbed, Ardašīr Nīrīz šahrab, Baγdād Wardbed≺a≻gān, Kerdīr Ardaβān, Zurwāndād Bandagān, Winnār Sāsāngān, Mānzag šābestān, Sāsān dādβar, Wardān Nāšbed≺a≻gān, Wardag wārāzbed ēw bidān akbrīd ēw, nān ēw grīw ud 5 hōfan, maδ 4 pās.","Arštād ī dibīr ī Mihrān ī az Ray, Sāsān ī šābestān ī Sāsāngān, Wīrōy ī wāzārbed, Ardašīr ī Nīrīz šasab, Baydād ī Wardbed≺a≻gān, Kerdīr Ardawān, Zurwāndād ī Bandagān, Winnār ī Sāsāngān, Sāsān ī dādwar, Wardān ī *Nāsbed≺a≻gān, Gulag ī wārāzbed"
ŠKZ Line 51,"νῦν, ὥσπερ ἡμεῖς ἐπὶ τὰς χρείας καὶ θρησκείας τῶν θεῶν σπουδάζομεν καὶ τῶν θεῶν κτίσμα ἐσμὲν καὶ εἰς βοήθιαν τῶν θεῶν ταῦτα πάντα τὰ ἔθνη ἐζητήσαμεν καὶ κατέσχαμεν καὶ ὄνομα καὶ ἀνδρείαν ἐπεποιησάμεθα, κἀκεῖνος δέ, ὅστις μεθ’ ἡμᾶς ἔσται καὶ εὐτυχὴς ἔσται, κἀκεῖνος ἐπὶ τὰς χρείας καὶ θρησκείας τῶν θεῶν σπουδασάτω, ἵνα οἱ θεοὶ βοηθοὶ αὐτῷ ἔσονται καὶ δαστικιρτην ἑαυτῶν ποιήσονται.",’ws šwgwn LN ’pr y’ztn CBW W krtkny twhšywm W y’ztn dstkrt HWYm W pty y’ztn ’dywrpy ZNE ’wnt hštr YBOt W HHSNt ŠME W ΘBpy OBDt LHwyš MNW BATR MN LN YHYE W prnhw HWYt LHwyš ’pr y’ztn CBW W krtkny twhšywd AYK y’zt ’dywr YHYEnt W dstkrt OBDWnt .,"Awās čawāγōn amā abar yazdān īr ud kerdagān tuxšām, ud yazdān dastgerd ahēm, ud pad yazdān aδyāwarīf im āwand šahr wxāšt ud derd, nām ud nēwīf kerd, haw-iž kē paš až amā bawād ud farrox ahād, haw-iž abar yazdān īr ud kerdagān tuxšād, kū yazad aδyāwar bawānd ud dastgerd karānd.","kū kē pas amā xwadāy bawād, ān yazdān huparistādar ud hugāmagdar bawād, kū ōy-iz yazad ēn ōwōn hayār bawānd, čiyōn amā būd."
